508, lo
508, lo
501, le
705, la
723, lo
709, le
709, le
725, le
725, le
725, le
725, le
725, la
725, lo
725, le
725, le
720, le
720, le
720, le
720, le
720, le
720, lo
717, la
717, la
717, lo
704, le
715, la
724, lo
724, le
719, le
701, le
701, la
703, le
703, le
721, la
718, la
718, la
718, la
718, la
718, le
706, le
706, le
706, lo
711, la
711, las
711, la
711, lo
711, lo
711, lo
210, la
207, lo
217, la
217, las
217, la
213, le
211, la
218, las
218, las
206, le
212, le
212, les
144, las
151, lo
137, la
143, le
136, le
136, le
136, le
136, le
145, la
142, le
142, le
134, le
134, lo
147, le
147, lo
147, le
147, le
147, los
106, lo
105, le
105, lo
115, le
108, la
108, le
108, lo
103, la
103, la
138, la
139, lo
139, la
139, la
608, la
610, le
611, lo
611, lo
619, le
601, le
601, le
601, le
613, los
613, le
615, le
605, le
618, le